date,repo,views,view_uniques,clones,clone_uniques,stars,forks
2026-09-30,display-sim,0,0,0,0,0,0
2026-09-30,dmatking,0,0,0,0,0,0
2026-09-30,dtlab,0,0,0,0,0,0
2026-09-30,esp32-ble-kbd-host,0,0,1,1,1,0
2026-09-30,esp32-gh-dashboard,2,2,0,0,1,0
2026-09-30,esp32-idf-new,0,0,0,0,1,0
2026-09-30,esp32-notes,0,0,0,0,0,0
2026-09-30,esp32-p4-demos,0,0,0,0,1,0
2026-09-30,esp32-p4-webradio,9,5,0,0,9,1
2026-09-30,esp32-p4-wifi-starter,3,1,1,1,3,0
2026-09-30,esp32-t4-demos,0,0,0,0,0,0
2026-09-30,esp32-terminal,0,0,0,0,7,0
2026-09-30,esp32-video-stream,0,0,1,1,0,1
2026-09-30,esp32-wifi-prov,0,0,2,2,0,0
2026-09-30,esp32-wolfssh-client,1,1,0,0,0,0
2026-09-30,github-traffic-log,0,0,13,7,0,0
2026-09-30,m5stack-tab5-gps,22,4,2,2,6,0
2026-09-30,m5stack-tab5-ssh-terminal,0,0,0,0,0,0
2026-09-30,m5stack-tab5-video-stream,0,0,1,1,2,0
2026-09-30,shell-toys,0,0,1,1,0,0
2026-10-01,m5stack-tab5-ssh-terminal,0,0,0,0,0,0
