repo,views,view_uniques,clones,clone_uniques,stars,forks
display-sim,24,7,236,123,0,0
dmatking,19,7,173,127,0,0
dtlab,13,6,153,107,0,0
esp32-ble-kbd-host,77,25,170,107,1,0
esp32-gh-dashboard,278,95,850,403,1,0
esp32-idf-new,274,97,762,331,1,0
esp32-notes,54,47,128,105,0,0
esp32-p4-demos,66,40,112,98,1,0
esp32-p4-webradio,1020,342,556,300,9,1
esp32-p4-wifi-starter,701,284,1394,223,3,0
esp32-screencap,0,0,45,19,0,0
esp32-t4-demos,26,18,149,112,0,0
esp32-terminal,269,113,701,329,7,0
esp32-video-stream,54,23,155,127,0,1
esp32-wifi-prov,21,12,197,135,0,0
esp32-wolfssh-client,50,9,313,181,0,0
github-traffic-log,137,26,1976,1245,0,0
m5stack-tab5-gps,209,98,84,64,5,0
m5stack-tab5-ssh-terminal,0,0,0,0,0,0
m5stack-tab5-video-stream,167,72,161,117,2,0
shell-toys,19,15,100,93,0,0
